Engine Name;Human-Readable Name;Intended max player count
ConquestLarge0;Conquest;64
ConquestSmall0;Conquest;32
Domination0;Domination;20
Elimination0;Defuse;10
Obliteration;Obliteration;32
RushLarge0;Rush;32
SquadDeathMatch0;Squad Deathmatch;16
TeamDeathMatch0;Team Deathmatch;24
AirSuperiority0;Air Superiority;24
CaptureTheflag0;Capture the flag;32
CarrierAssaultSmall0;CarrierAssault;32
CarrierAssaultLarge0;CarrierAssault;64
SquadObliteration0;Squad Obliteration;10
GunMaster0;Gun Master;20
GunMaster1;Gun Master;20
